MMSI,IMO,BaseDateTime,LAT,LON,SOG,COG,VesselType,VesselName,DistanceToShoreKm
123456780,9111111,2024-06-01T08:00:00,36.5000,-15.2000,12.0,270.0,Tanker,Meridian Star,45.2
123456780,9111111,2024-06-01T08:30:00,36.5000,-15.3000,11.5,272.0,Tanker,Meridian Star,44.8
234567891,9222222,2024-06-01T08:00:00,37.1000,-14.8000,8.0,090.0,Cargo,Atlantic Runner,30.1
234567891,9222222,2024-06-01T08:30:00,37.1000,-14.7000,7.5,091.0,Cargo,Atlantic Runner,29.7
345678902,9182734,2024-06-01T08:00:00,36.8000,-15.0000,14.0,180.0,Tanker,Vanguard,52.3
345678902,9182734,2024-06-01T08:30:00,36.7000,-15.0000,2.0,182.0,Tanker,Vanguard,51.8
456789013,9333333,2024-06-01T08:00:00,36.2000,-14.5000,5.0,315.0,Fishing,Neptune Fisher,8.4
456789013,9333333,2024-06-01T08:30:00,36.2200,-14.5100,4.8,317.0,Fishing,Neptune Fisher,8.1
567890124,9444444,2024-06-01T08:00:00,37.5000,-15.5000,0.5,000.0,Tanker,Sea Titan,95.0
567890124,9444444,2024-06-01T08:30:00,37.5000,-15.5000,0.3,000.0,Tanker,Sea Titan,95.0
